url,label
https://www.google.com,0
https://www.twitter.com,0
https://www.microsoft.com,0
https://www.wikipedia.org,0
https://www.facebook.com,0
https://www.amazon.com,0
https://www.youtube.com,0
https://www.linkedin.com,0
https://www.github.com,0
https://www.stackoverflow.com,0
https://www.apple.com,0
https://www.nytimes.com,0
https://www.bbc.com,0
https://www.whatsapp.com,0
https://www.paypal.com,0
http://login-verify-paypal.com,1
http://secure-update-banklogin.net,1
http://account-confirm-facebook-alert.com,1
http://reset-password-amazon-support.net,1
http://microsoft-secure-update-info.ru,1
http://google-login-alert-security.xyz,1
http://verify-paypal-alert-center.info,1
http://bankofamerica-update-login-security.cn,1
http://appleid-verify-now-security.in,1
http://facebook-support-secure-login.cc,1
http://instagram-verification-alert-help.info,1
http://verify-login-delivery-ups.com,1
http://dhl-secure-update-info.net,1
http://gmail-verification-login-alert.co,1
http://update-security-amazon-support.org,1
http://confirm-update-98142.cn,1
http://update-unlock-85736.ru,1
http://alert-account-57401.link,1
http://confirm-confirm-89872.info,1
http://login-alert-47535.click,1
http://alert-update-88984.xyz,1
http://unlock-verify-6900.top,1
http://bank-bank-25323.cn,1
http://confirm-confirm-78859.link,1
http://update-login-62014.top,1
http://confirm-verify-60486.top,1
http://bank-bank-80067.shop,1
http://update-secure-502.xyz,1
http://update-unlock-1132.link,1
http://unlock-verify-76247.top,1
http://unlock-bank-68752.shop,1
http://unlock-alert-92243.ru,1
http://verify-verify-33410.cn,1
http://account-account-83782.info,1
http://confirm-update-19815.link,1
http://account-login-25962.cn,1
http://confirm-bank-58828.shop,1
http://alert-login-50569.click,1
http://update-login-67719.shop,1
http://bank-bank-84796.click,1
http://bank-unlock-93339.xyz,1
http://account-account-78317.top,1
http://secure-verify-92346.click,1
http://account-confirm-48976.xyz,1
http://update-update-24125.ru,1
http://alert-confirm-78488.ru,1
http://account-secure-34761.cn,1
http://unlock-login-34949.shop,1
http://login-update-2685.shop,1
http://unlock-unlock-74735.ru,1
http://account-account-13946.click,1
http://confirm-unlock-59094.info,1
http://alert-confirm-98493.xyz,1
http://verify-confirm-2543.link,1
http://bank-login-90054.shop,1
http://bank-secure-59392.info,1
http://alert-verify-28476.info,1
http://account-unlock-18373.click,1
http://secure-bank-79252.cn,1
http://unlock-verify-23603.xyz,1
http://alert-bank-76006.xyz,1
http://confirm-secure-63975.cn,1
http://update-secure-88704.cn,1
http://update-unlock-29747.ru,1
http://update-bank-4731.xyz,1
http://verify-verify-71274.cn,1
http://alert-unlock-3272.shop,1
http://secure-confirm-55648.cn,1
http://unlock-update-69113.click,1
http://login-unlock-91023.click,1
http://update-confirm-9149.link,1
http://update-account-56309.link,1
http://bank-account-45419.ru,1
http://login-unlock-69345.link,1
http://account-unlock-68472.click,1
http://alert-alert-21203.xyz,1
http://account-confirm-92109.top,1
http://login-bank-25007.cn,1
http://confirm-account-96368.shop,1
http://verify-update-57511.top,1
http://update-secure-21326.ru,1
http://verify-confirm-93711.xyz,1
http://verify-secure-33267.click,1
http://account-secure-66149.top,1
http://secure-confirm-9957.click,1
http://alert-confirm-9614.ru,1
http://unlock-account-63339.info,1
http://account-update-69059.click,1
http://account-confirm-60491.ru,1
http://login-alert-35344.shop,1
http://account-verify-99175.shop,1
http://update-update-76122.click,1
http://alert-login-27195.click,1
http://secure-update-3243.shop,1
http://confirm-confirm-80738.xyz,1
http://secure-bank-4443.top,1
http://confirm-unlock-10285.shop,1
http://login-confirm-21733.shop,1
http://account-account-43928.link,1
http://account-alert-46081.info,1
http://verify-secure-14397.shop,1
http://verify-account-67540.shop,1
http://bank-account-47178.ru,1
http://confirm-account-26060.top,1
http://confirm-bank-89194.cn,1
http://bank-login-38334.cn,1
http://verify-confirm-98380.ru,1
http://confirm-secure-7868.click,1
http://verify-alert-17122.cn,1
http://unlock-secure-72959.link,1
http://login-verify-30763.link,1
http://login-login-92821.ru,1
http://login-login-13439.click,1
http://update-confirm-37530.ru,1
http://update-confirm-48765.xyz,1
http://unlock-unlock-71542.info,1
http://bank-confirm-80957.click,1
http://confirm-secure-1572.click,1
http://account-update-69313.cn,1
http://update-bank-99982.info,1
http://update-alert-72288.link,1
http://account-login-30713.link,1
http://confirm-secure-32752.cn,1
http://login-account-16420.info,1
http://bank-alert-67989.link,1
http://alert-account-81887.shop,1
http://secure-account-13701.shop,1
http://unlock-verify-63179.link,1
http://login-account-22082.cn,1
http://secure-update-9959.xyz,1
http://account-account-41245.link,1
http://update-account-45664.ru,1
http://update-update-44213.shop,1
http://account-unlock-2787.link,1
http://bank-alert-40878.ru,1
http://confirm-update-45309.top,1
http://alert-alert-81295.info,1
http://alert-bank-4207.cn,1
http://bank-secure-20446.cn,1
http://confirm-bank-3756.info,1
http://bank-bank-37853.shop,1
http://account-confirm-61954.cn,1
http://secure-verify-31616.info,1
http://alert-secure-94956.ru,1
http://unlock-bank-95577.link,1
http://login-update-16720.top,1
http://unlock-alert-9927.link,1
http://alert-bank-41245.cn,1
http://account-bank-25232.info,1
http://secure-verify-89288.link,1
http://account-secure-45797.xyz,1
http://unlock-confirm-82437.info,1
http://alert-bank-13093.info,1
http://login-update-93812.top,1
http://secure-verify-66273.info,1
http://verify-confirm-10761.shop,1
http://confirm-secure-72525.link,1
http://login-secure-52398.click,1
http://bank-login-10809.link,1
http://update-verify-64793.shop,1
http://update-verify-14899.cn,1
http://verify-unlock-54847.cn,1
http://bank-alert-60288.shop,1
http://confirm-update-85874.shop,1
http://update-verify-17673.cn,1
http://secure-verify-22554.ru,1
http://update-secure-45828.click,1
http://update-secure-23997.shop,1
http://secure-verify-52806.cn,1
http://account-confirm-30986.top,1
http://verify-update-67172.xyz,1
http://confirm-bank-85412.info,1
http://account-login-92606.shop,1
http://secure-confirm-54681.shop,1
http://bank-account-92855.link,1
http://account-account-92852.xyz,1
http://update-update-12009.shop,1
http://confirm-update-7907.link,1
http://login-bank-10993.cn,1
http://update-alert-82554.info,1
http://update-bank-6716.link,1
http://unlock-unlock-9334.cn,1
http://alert-bank-76223.info,1
http://alert-login-93433.click,1
http://update-confirm-13888.info,1
http://bank-confirm-77459.click,1
http://secure-secure-58396.link,1
http://update-account-23952.info,1
http://secure-bank-93407.top,1
http://secure-login-65446.ru,1
http://bank-bank-41650.link,1
http://bank-secure-26607.cn,1
http://account-update-2243.ru,1
http://bank-bank-87763.ru,1
http://verify-bank-16699.link,1
http://unlock-bank-76557.ru,1
http://alert-alert-45868.top,1
http://bank-account-24324.xyz,1
http://update-confirm-27195.link,1
http://unlock-verify-66466.click,1
http://verify-login-84582.ru,1
http://alert-secure-44605.click,1
http://confirm-confirm-37370.top,1
http://unlock-confirm-66084.ru,1
http://secure-verify-40413.cn,1
http://verify-secure-45008.xyz,1
http://alert-update-73251.info,1
http://account-verify-75389.shop,1
http://update-verify-62866.link,1
http://update-confirm-59438.click,1
http://account-update-82268.cn,1
http://bank-update-71185.shop,1
http://account-login-29255.xyz,1
http://update-unlock-94368.cn,1
http://verify-login-82099.ru,1
